measure_id,measure_name,location_id,location_name,sex_id,sex_name,age_id,age_name,cause_id,cause_name,metric_id,metric_name,year,val,upper,lower
5,Prevalence,67,Japan,3,Both,22,All ages,515,Asthma,3,Rate,2013,3727.45273298122,4265.93974938835,3220.57295042282
5,Prevalence,20,Viet Nam,3,Both,22,All ages,589,Chronic kidney disease,3,Rate,2013,8980.12395773794,9837.08817567503,8215.32805296603
5,Prevalence,79,Finland,3,Both,22,All ages,509,Chronic obstructive pulmonary disease,3,Rate,2013,4066.30163986283,4548.34705328394,3629.8178107900503
5,Prevalence,17,Sri Lanka,3,Both,22,All ages,515,Asthma,3,Rate,2013,3603.8676138844,4015.60782016709,3235.2234968919597
5,Prevalence,79,Finland,3,Both,22,All ages,491,Cardiovascular diseases,3,Rate,2013,12270.8427877092,12881.41087723583,11710.87377265356
5,Prevalence,6,China,3,Both,22,All ages,589,Chronic kidney disease,3,Rate,2013,7773.39007251665,8386.719717426271,7216.01409429901
5,Prevalence,20,Viet Nam,3,Both,22,All ages,543,Alzheimer's disease and other dementias,3,Rate,2013,461.39084021671994,527.97657710474,398.93382482458003
5,Prevalence,67,Japan,3,Both,22,All ages,543,Alzheimer's disease and other dementias,3,Rate,2013,2174.11443513015,2485.98931893049,1870.14159002938
5,Prevalence,79,Finland,3,Both,22,All ages,515,Asthma,3,Rate,2013,6962.816500667959,7817.31848277534,6169.8682641124105
5,Prevalence,17,Sri Lanka,3,Both,22,All ages,589,Chronic kidney disease,3,Rate,2013,10852.68885199082,11822.481480192371,9976.2856816166
5,Prevalence,17,Sri Lanka,3,Both,22,All ages,543,Alzheimer's disease and other dementias,3,Rate,2013,527.11207995083,599.07892324922,453.24142768550996
5,Prevalence,79,Finland,3,Both,22,All ages,543,Alzheimer's disease and other dementias,3,Rate,2013,1463.99326299608,1687.5440256931,1249.21521094915
5,Prevalence,6,China,3,Both,22,All ages,976,Diabetes mellitus type 2,3,Rate,2013,6461.6727569815,7003.3374343604,5952.59337907836
5,Prevalence,6,China,3,Both,22,All ages,429,Breast cancer,3,Rate,2013,194.4933306847,218.22164551855,170.90257446962
5,Prevalence,67,Japan,3,Both,22,All ages,589,Chronic kidney disease,3,Rate,2013,16247.33185925931,17281.59480971605,15091.575970199969
5,Prevalence,86,Italy,3,Both,22,All ages,976,Diabetes mellitus type 2,3,Rate,2013,6451.9101529504005,7255.78345934435,5708.681313762841
5,Prevalence,86,Italy,3,Both,22,All ages,429,Breast cancer,3,Rate,2013,982.25353840796,1047.5549283153998,911.5759060918599
5,Prevalence,20,Viet Nam,3,Both,22,All ages,509,Chronic obstructive pulmonary disease,3,Rate,2013,1793.57660320735,2011.57593616022,1592.37538700088
5,Prevalence,86,Italy,3,Both,22,All ages,509,Chronic obstructive pulmonary disease,3,Rate,2013,4839.01220425072,5492.03189191875,4218.16853454401
5,Prevalence,20,Viet Nam,3,Both,22,All ages,976,Diabetes mellitus type 2,3,Rate,2013,2885.58355893789,3076.38545177449,2697.31885878511
5,Prevalence,20,Viet Nam,3,Both,22,All ages,429,Breast cancer,3,Rate,2013,105.30596053229,127.70045208131,84.62250150336
5,Prevalence,6,China,3,Both,22,All ages,491,Cardiovascular diseases,3,Rate,2013,7636.13626834927,8123.1252538965,7126.102870060549
5,Prevalence,67,Japan,3,Both,22,All ages,429,Breast cancer,3,Rate,2013,643.15872362943,681.91235529114,593.1986520896301
5,Prevalence,79,Finland,3,Both,22,All ages,589,Chronic kidney disease,3,Rate,2013,8894.538497983689,9463.10183529318,8318.14458133945
5,Prevalence,17,Sri Lanka,3,Both,22,All ages,509,Chronic obstructive pulmonary disease,3,Rate,2013,1801.8738106629398,2057.69978048256,1573.07584690899
5,Prevalence,6,China,3,Both,22,All ages,515,Asthma,3,Rate,2013,1659.42705324762,2006.59770036504,1393.0944564460601
5,Prevalence,86,Italy,3,Both,22,All ages,491,Cardiovascular diseases,3,Rate,2013,13433.577537628542,14132.098875459451,12664.97043814743
5,Prevalence,6,China,3,Both,22,All ages,509,Chronic obstructive pulmonary disease,3,Rate,2013,3058.7239296204298,3414.28868994988,2745.5237372834204
5,Prevalence,92,Spain,3,Both,22,All ages,509,Chronic obstructive pulmonary disease,3,Rate,2013,5107.847498411839,5560.5001872473495,4675.58662464873
5,Prevalence,79,Finland,3,Both,22,All ages,429,Breast cancer,3,Rate,2013,928.5522019632699,988.9108178113,869.50526367343
5,Prevalence,86,Italy,3,Both,22,All ages,515,Asthma,3,Rate,2013,3918.22168019109,4634.982269074841,3236.3551092615303
5,Prevalence,20,Viet Nam,3,Both,22,All ages,491,Cardiovascular diseases,3,Rate,2013,4433.41869295854,4653.11491017511,4208.049927797801
5,Prevalence,92,Spain,3,Both,22,All ages,429,Breast cancer,3,Rate,2013,671.04556199931,718.1473717634,624.36533796756
5,Prevalence,6,China,3,Both,22,All ages,543,Alzheimer's disease and other dementias,3,Rate,2013,804.2080221676399,926.2460375754599,682.13385820184
5,Prevalence,92,Spain,3,Both,22,All ages,976,Diabetes mellitus type 2,3,Rate,2013,9118.002857395591,9640.12643924317,8604.12783065304
5,Prevalence,17,Sri Lanka,3,Both,22,All ages,429,Breast cancer,3,Rate,2013,150.60826150982,162.73714778393,137.99832215173998
5,Prevalence,79,Finland,3,Both,22,All ages,976,Diabetes mellitus type 2,3,Rate,2013,7172.7533312968,7794.26680834786,6630.889065968599
5,Prevalence,123,Peru,3,Both,22,All ages,589,Chronic kidney disease,3,Rate,2013,5253.87128829511,5650.91328347184,4879.32429011457
5,Prevalence,95,United Kingdom,3,Both,22,All ages,491,Cardiovascular diseases,3,Rate,2013,10265.95211955304,10897.841765807501,9638.45973652824
5,Prevalence,17,Sri Lanka,3,Both,22,All ages,976,Diabetes mellitus type 2,3,Rate,2013,8987.40387197077,9533.648652954891,8447.8319784844
5,Prevalence,125,Colombia,3,Both,22,All ages,976,Diabetes mellitus type 2,3,Rate,2013,4979.5735161609,5410.01805227702,4655.90488320626
5,Prevalence,125,Colombia,3,Both,22,All ages,429,Breast cancer,3,Rate,2013,231.97470260699,249.54435507284,215.82506552007
5,Prevalence,67,Japan,3,Both,22,All ages,491,Cardiovascular diseases,3,Rate,2013,10885.73320852299,11457.09950091986,10309.679828897279
5,Prevalence,86,Italy,3,Both,22,All ages,543,Alzheimer's disease and other dementias,3,Rate,2013,1708.42765975227,1956.99348316243,1477.7644127778299
5,Prevalence,17,Sri Lanka,3,Both,22,All ages,491,Cardiovascular diseases,3,Rate,2013,5430.7170407698595,5718.55881838178,5153.71203092621
5,Prevalence,130,Mexico,3,Both,22,All ages,509,Chronic obstructive pulmonary disease,3,Rate,2013,1827.46381897663,2055.13363516337,1615.56487287499
5,Prevalence,67,Japan,3,Both,22,All ages,976,Diabetes mellitus type 2,3,Rate,2013,8790.34873248726,9788.30397725003,7889.283866960831
5,Prevalence,86,Italy,3,Both,22,All ages,589,Chronic kidney disease,3,Rate,2013,9206.14729762298,9778.14631767734,8578.32072838022
5,Prevalence,92,Spain,3,Both,22,All ages,491,Cardiovascular diseases,3,Rate,2013,10710.235801808669,11240.84129440374,10142.63747474595
5,Prevalence,92,Spain,3,Both,22,All ages,515,Asthma,3,Rate,2013,4723.183538894999,5426.83195085633,4066.4846352911695
5,Prevalence,123,Peru,3,Both,22,All ages,429,Breast cancer,3,Rate,2013,112.73374247801999,132.84559174223,94.81120680649
5,Prevalence,163,India,3,Both,22,All ages,515,Asthma,3,Rate,2013,2387.58496488522,2838.61682489966,2052.56313870829
5,Prevalence,130,Mexico,3,Both,22,All ages,515,Asthma,3,Rate,2013,2664.15033811231,3359.98371158781,2133.2605643818297
5,Prevalence,123,Peru,3,Both,22,All ages,976,Diabetes mellitus type 2,3,Rate,2013,2609.20812773499,2773.37820228819,2450.91985906932
5,Prevalence,20,Viet Nam,3,Both,22,All ages,515,Asthma,3,Rate,2013,2805.2331095094,3227.4654393827295,2413.3239015980203
5,Prevalence,163,India,3,Both,22,All ages,543,Alzheimer's disease and other dementias,3,Rate,2013,239.38756146096,272.78683837899,205.93016505986
5,Prevalence,165,Pakistan,3,Both,22,All ages,543,Alzheimer's disease and other dementias,3,Rate,2013,157.62119589799,179.83497587435,135.24645146784
5,Prevalence,125,Colombia,3,Both,22,All ages,491,Cardiovascular diseases,3,Rate,2013,5792.1125900897605,6193.63783236378,5425.99495551614
5,Prevalence,67,Japan,3,Both,22,All ages,509,Chronic obstructive pulmonary disease,3,Rate,2013,3745.19499596588,4347.98052323474,3179.36738058407
5,Prevalence,95,United Kingdom,3,Both,22,All ages,515,Asthma,3,Rate,2013,10093.92360794323,11631.27366199913,8670.46314021678
5,Prevalence,92,Spain,3,Both,22,All ages,543,Alzheimer's disease and other dementias,3,Rate,2013,1351.3604708980101,1511.68491490455,1190.5443598223
5,Prevalence,95,United Kingdom,3,Both,22,All ages,589,Chronic kidney disease,3,Rate,2013,8553.14328570265,9080.17195671197,7997.03411391951
5,Prevalence,161,Bangladesh,3,Both,22,All ages,589,Chronic kidney disease,3,Rate,2013,6474.4812139590895,6788.2607590174,6166.64091553855
5,Prevalence,206,Gambia,3,Both,22,All ages,976,Diabetes mellitus type 2,3,Rate,2013,2259.66947387155,2455.68345306032,2062.9235579811
5,Prevalence,180,Kenya,3,Both,22,All ages,543,Alzheimer's disease and other dementias,3,Rate,2013,171.24857929779,193.96598480998,147.95328141824
5,Prevalence,123,Peru,3,Both,22,All ages,491,Cardiovascular diseases,3,Rate,2013,5787.12539922241,6195.7009628058095,5410.02437663993
5,Prevalence,92,Spain,3,Both,22,All ages,589,Chronic kidney disease,3,Rate,2013,8588.064735133059,9145.53908157463,8074.0844458538895
5,Prevalence,161,Bangladesh,3,Both,22,All ages,515,Asthma,3,Rate,2013,1902.29090216824,2294.22384003578,1611.00983018756
5,Prevalence,206,Gambia,3,Both,22,All ages,429,Breast cancer,3,Rate,2013,19.924478559399997,25.26836093252,15.69760240969
5,Prevalence,180,Kenya,3,Both,22,All ages,509,Chronic obstructive pulmonary disease,3,Rate,2013,689.60839891156,770.5937377019101,605.48195055976
5,Prevalence,130,Mexico,3,Both,22,All ages,543,Alzheimer's disease and other dementias,3,Rate,2013,389.76546006304,445.66804380094,337.48730962064
5,Prevalence,206,Gambia,3,Both,22,All ages,491,Cardiovascular diseases,3,Rate,2013,4385.990089748941,4823.2909647695,3991.29393791756
5,Prevalence,95,United Kingdom,3,Both,22,All ages,543,Alzheimer's disease and other dementias,3,Rate,2013,1280.33959460005,1459.5937075812,1101.76811724796
5,Prevalence,161,Bangladesh,3,Both,22,All ages,543,Alzheimer's disease and other dementias,3,Rate,2013,224.12184490938,255.79681272136003,193.70904654115
5,Prevalence,165,Pakistan,3,Both,22,All ages,509,Chronic obstructive pulmonary disease,3,Rate,2013,1323.63459111126,1468.01455823477,1178.50607834185
5,Prevalence,130,Mexico,3,Both,22,All ages,589,Chronic kidney disease,3,Rate,2013,7947.2198426944005,8481.81196172082,7440.66205261687
5,Prevalence,125,Colombia,3,Both,22,All ages,515,Asthma,3,Rate,2013,3698.03873473303,4418.429886588529,3120.0339327765896
5,Prevalence,125,Colombia,3,Both,22,All ages,509,Chronic obstructive pulmonary disease,3,Rate,2013,2214.92460464746,2476.68993528427,1970.7117750701102
5,Prevalence,123,Peru,3,Both,22,All ages,509,Chronic obstructive pulmonary disease,3,Rate,2013,1391.3109886575598,1559.30234032721,1228.33934567279
5,Prevalence,163,India,3,Both,22,All ages,509,Chronic obstructive pulmonary disease,3,Rate,2013,2231.4921006641403,2421.4419870663696,2019.22368918127
5,Prevalence,123,Peru,3,Both,22,All ages,515,Asthma,3,Rate,2013,4763.58123582605,6043.60202277011,3730.41463343412
5,Prevalence,125,Colombia,3,Both,22,All ages,543,Alzheimer's disease and other dementias,3,Rate,2013,587.86271632697,664.9052253155,511.29212023396
5,Prevalence,130,Mexico,3,Both,22,All ages,976,Diabetes mellitus type 2,3,Rate,2013,7777.832014881809,8511.532108868749,7086.30192917416
5,Prevalence,180,Kenya,3,Both,22,All ages,976,Diabetes mellitus type 2,3,Rate,2013,775.8538295245901,852.75788854906,694.79347111665
5,Prevalence,130,Mexico,3,Both,22,All ages,429,Breast cancer,3,Rate,2013,169.7478918505,173.70536300554,164.9368165722
5,Prevalence,123,Peru,3,Both,22,All ages,543,Alzheimer's disease and other dementias,3,Rate,2013,370.06037734599,422.95933590904,322.55155340807
5,Prevalence,95,United Kingdom,3,Both,22,All ages,509,Chronic obstructive pulmonary disease,3,Rate,2013,5897.06969219117,6429.52533995971,5358.069804359699
5,Prevalence,95,United Kingdom,3,Both,22,All ages,429,Breast cancer,3,Rate,2013,855.8888807151,888.5132399555699,813.8491665882401
5,Prevalence,206,Gambia,3,Both,22,All ages,515,Asthma,3,Rate,2013,2940.7537426429703,3486.43629262493,2491.8099031911297
5,Prevalence,165,Pakistan,3,Both,22,All ages,976,Diabetes mellitus type 2,3,Rate,2013,3955.80994442553,4349.72865864735,3584.2524472106597
5,Prevalence,130,Mexico,3,Both,22,All ages,491,Cardiovascular diseases,3,Rate,2013,5329.428425177711,5700.69298513208,4977.7298395282905
5,Prevalence,163,India,3,Both,22,All ages,976,Diabetes mellitus type 2,3,Rate,2013,4003.10009849143,4404.74419824364,3623.41976702054
5,Prevalence,161,Bangladesh,3,Both,22,All ages,509,Chronic obstructive pulmonary disease,3,Rate,2013,2032.2851552933703,2227.68596985017,1856.82579133764
5,Prevalence,206,Gambia,3,Both,22,All ages,543,Alzheimer's disease and other dementias,3,Rate,2013,141.35512234695,161.68030602748,120.98112611970001
5,Prevalence,95,United Kingdom,3,Both,22,All ages,976,Diabetes mellitus type 2,3,Rate,2013,7086.94018050543,7636.90287208124,6560.56204620836
5,Prevalence,165,Pakistan,3,Both,22,All ages,429,Breast cancer,3,Rate,2013,86.50811047602001,107.23534758707,67.73361431638
5,Prevalence,180,Kenya,3,Both,22,All ages,589,Chronic kidney disease,3,Rate,2013,3543.60450872391,3877.1600454244203,3238.98141267291
5,Prevalence,163,India,3,Both,22,All ages,429,Breast cancer,3,Rate,2013,61.890571930220005,66.41415491800001,57.15695770282
5,Prevalence,180,Kenya,3,Both,22,All ages,429,Breast cancer,3,Rate,2013,49.944528125830004,62.4020621951,39.002020178929996
5,Prevalence,161,Bangladesh,3,Both,22,All ages,976,Diabetes mellitus type 2,3,Rate,2013,4276.96586328285,4547.067863924651,4007.3051138033597
5,Prevalence,161,Bangladesh,3,Both,22,All ages,429,Breast cancer,3,Rate,2013,44.01756403903,50.90829219224,37.50490743007
5,Prevalence,214,Nigeria,3,Both,22,All ages,543,Alzheimer's disease and other dementias,3,Rate,2013,110.94260333267,126.67018419194,95.58268120611
5,Prevalence,165,Pakistan,3,Both,22,All ages,589,Chronic kidney disease,3,Rate,2013,5936.20617072762,6416.483338959631,5494.62330259938
5,Prevalence,385,Puerto Rico,3,Both,22,All ages,491,Cardiovascular diseases,3,Rate,2013,10913.34494272548,11550.70550967224,10285.305152028961
5,Prevalence,165,Pakistan,3,Both,22,All ages,491,Cardiovascular diseases,3,Rate,2013,4639.15061959365,5021.76649822419,4255.05048636872
5,Prevalence,214,Nigeria,3,Both,22,All ages,589,Chronic kidney disease,3,Rate,2013,5112.9297717366,5486.29565656577,4761.05946254119
5,Prevalence,180,Kenya,3,Both,22,All ages,515,Asthma,3,Rate,2013,3095.0014904038,3784.5847705684296,2553.53256925662
5,Prevalence,165,Pakistan,3,Both,22,All ages,515,Asthma,3,Rate,2013,1809.08078229379,2175.56950959834,1515.1230323279801
5,Prevalence,385,Puerto Rico,3,Both,22,All ages,515,Asthma,3,Rate,2013,8770.756900839891,10296.6890447047,7438.735550973751
5,Prevalence,125,Colombia,3,Both,22,All ages,589,Chronic kidney disease,3,Rate,2013,7580.671255207019,8106.40512864518,7096.81539917524
5,Prevalence,163,India,3,Both,22,All ages,491,Cardiovascular diseases,3,Rate,2013,5463.8548854373,5892.538661800229,5011.444689273751
5,Prevalence,180,Kenya,3,Both,22,All ages,491,Cardiovascular diseases,3,Rate,2013,3856.00632649385,4248.85368379165,3453.04605640894
5,Prevalence,163,India,3,Both,22,All ages,589,Chronic kidney disease,3,Rate,2013,8163.392419236159,8807.237780919,7571.234421789889
5,Prevalence,161,Bangladesh,3,Both,22,All ages,491,Cardiovascular diseases,3,Rate,2013,4936.86338971987,5202.09096709801,4658.794706662419
5,Prevalence,206,Gambia,3,Both,22,All ages,509,Chronic obstructive pulmonary disease,3,Rate,2013,821.80103292407,913.0714085313499,732.82987449287
5,Prevalence,217,Sierra Leone,3,Both,22,All ages,429,Breast cancer,3,Rate,2013,34.24233968875,42.36446246372,26.430706439559998
5,Prevalence,385,Puerto Rico,3,Both,22,All ages,543,Alzheimer's disease and other dementias,3,Rate,2013,1085.27760702092,1236.44756138749,937.70460061325
5,Prevalence,44587,African Union,3,Both,22,All ages,491,Cardiovascular diseases,3,Rate,2013,4508.13638463039,4879.5180787032305,4144.6007967203695
5,Prevalence,44566,European Region,3,Both,22,All ages,589,Chronic kidney disease,3,Rate,2013,9798.666037581239,10389.525635322168,9213.060722763821
5,Prevalence,217,Sierra Leone,3,Both,22,All ages,976,Diabetes mellitus type 2,3,Rate,2013,2287.14726488115,2491.7470330063697,2089.09695235266
5,Prevalence,214,Nigeria,3,Both,22,All ages,429,Breast cancer,3,Rate,2013,61.46962347336,81.03025077819,44.25005809918
5,Prevalence,217,Sierra Leone,3,Both,22,All ages,509,Chronic obstructive pulmonary disease,3,Rate,2013,825.59250155101,914.67309991494,737.18929486106
5,Prevalence,44566,European Region,3,Both,22,All ages,976,Diabetes mellitus type 2,3,Rate,2013,5555.7917207679,5953.2620459754,5195.95437598053
5,Prevalence,217,Sierra Leone,3,Both,22,All ages,491,Cardiovascular diseases,3,Rate,2013,4369.35600328286,4798.79582048013,3972.1815886283603
5,Prevalence,214,Nigeria,3,Both,22,All ages,509,Chronic obstructive pulmonary disease,3,Rate,2013,778.5221451559,867.27708838515,687.1667622459601
5,Prevalence,44566,European Region,3,Both,22,All ages,429,Breast cancer,3,Rate,2013,601.09455713889,622.21149775227,574.26321028232
5,Prevalence,44587,African Union,3,Both,22,All ages,515,Asthma,3,Rate,2013,3937.14000933969,4670.96087997805,3326.8615483509197
5,Prevalence,214,Nigeria,3,Both,22,All ages,491,Cardiovascular diseases,3,Rate,2013,3807.758496991,4175.7739067374605,3436.62989249008
5,Prevalence,385,Puerto Rico,3,Both,22,All ages,509,Chronic obstructive pulmonary disease,3,Rate,2013,2978.3232033638596,3361.0894171313403,2600.56669131838
5,Prevalence,214,Nigeria,3,Both,22,All ages,976,Diabetes mellitus type 2,3,Rate,2013,1519.04633818261,1665.47281891265,1363.30070413439
5,Prevalence,44566,European Region,3,Both,22,All ages,491,Cardiovascular diseases,3,Rate,2013,11419.61407241342,11981.39944187547,10862.00904519935
5,Prevalence,217,Sierra Leone,3,Both,22,All ages,515,Asthma,3,Rate,2013,3596.33601250571,4224.87963029536,3080.5165923927802
5,Prevalence,206,Gambia,3,Both,22,All ages,589,Chronic kidney disease,3,Rate,2013,4208.50609979413,4548.184919057499,3895.17554368809
5,Prevalence,44587,African Union,3,Both,22,All ages,543,Alzheimer's disease and other dementias,3,Rate,2013,190.59759998299998,215.04409783224997,164.67230053952
5,Prevalence,385,Puerto Rico,3,Both,22,All ages,976,Diabetes mellitus type 2,3,Rate,2013,14854.92549721805,15867.58498807571,13794.196098261591
5,Prevalence,217,Sierra Leone,3,Both,22,All ages,543,Alzheimer's disease and other dementias,3,Rate,2013,142.42463198175,161.7869898105,122.62046840606001
5,Prevalence,44566,European Region,3,Both,22,All ages,509,Chronic obstructive pulmonary disease,3,Rate,2013,3963.74441167525,4342.53053858381,3589.2967501737
5,Prevalence,214,Nigeria,3,Both,22,All ages,515,Asthma,3,Rate,2013,4901.7682844157,6092.45249824131,4026.7405493912797
5,Prevalence,44587,African Union,3,Both,22,All ages,429,Breast cancer,3,Rate,2013,62.92334537011,68.65685645436001,57.69955779995
5,Prevalence,44566,European Region,3,Both,22,All ages,515,Asthma,3,Rate,2013,4772.57680265629,5417.82162492531,4196.11364034134
5,Prevalence,385,Puerto Rico,3,Both,22,All ages,429,Breast cancer,3,Rate,2013,497.3989661534,533.37017638954,460.8584722547
5,Prevalence,217,Sierra Leone,3,Both,22,All ages,589,Chronic kidney disease,3,Rate,2013,4363.57057702874,4706.10208448044,4049.95510994446
5,Prevalence,385,Puerto Rico,3,Both,22,All ages,589,Chronic kidney disease,3,Rate,2013,9647.04359404419,10272.066265574,9001.10140656064
5,Prevalence,44566,European Region,3,Both,22,All ages,543,Alzheimer's disease and other dementias,3,Rate,2013,1192.27695489571,1355.77209225807,1038.0266528638099
5,Prevalence,44587,African Union,3,Both,22,All ages,976,Diabetes mellitus type 2,3,Rate,2013,2431.88810034506,2614.44674471264,2262.40332437511
5,Prevalence,44587,African Union,3,Both,22,All ages,589,Chronic kidney disease,3,Rate,2013,4785.32949558226,5158.821563896479,4427.1032236864
5,Prevalence,44587,African Union,3,Both,22,All ages,509,Chronic obstructive pulmonary disease,3,Rate,2013,932.4057043066999,1033.73500662638,835.78747254777
6,Incidence,6,China,3,Both,22,All ages,429,Breast cancer,3,Rate,2013,20.62159589498,23.65105091794,17.7969652911
6,Incidence,17,Sri Lanka,3,Both,22,All ages,589,Chronic kidney disease,3,Rate,2013,279.88543710736997,302.68130408396,256.0351604448
6,Incidence,20,Viet Nam,3,Both,22,All ages,429,Breast cancer,3,Rate,2013,12.02546693753,14.90922354201,9.26548374732
6,Incidence,67,Japan,3,Both,22,All ages,543,Alzheimer's disease and other dementias,3,Rate,2013,373.34526389423996,427.68482535477,324.40525964743
6,Incidence,6,China,3,Both,22,All ages,491,Cardiovascular diseases,3,Rate,2013,912.00888995891,992.47827282524,834.70789098769
6,Incidence,20,Viet Nam,3,Both,22,All ages,491,Cardiovascular diseases,3,Rate,2013,552.45004575036,586.2870842794,523.92697078236
6,Incidence,6,China,3,Both,22,All ages,515,Asthma,3,Rate,2013,266.51072060422,342.23235656686,217.51118816535
6,Incidence,79,Finland,3,Both,22,All ages,589,Chronic kidney disease,3,Rate,2013,395.89746363544003,432.84368961001,365.13206528108003
6,Incidence,6,China,3,Both,22,All ages,509,Chronic obstructive pulmonary disease,3,Rate,2013,266.15638112838,291.33732257459997,243.71393578543
6,Incidence,6,China,3,Both,22,All ages,543,Alzheimer's disease and other dementias,3,Rate,2013,140.0632711751,160.86929515754,120.1345418637
6,Incidence,17,Sri Lanka,3,Both,22,All ages,429,Breast cancer,3,Rate,2013,17.03125603986,18.78558953393,15.453009095729998
6,Incidence,20,Viet Nam,3,Both,22,All ages,515,Asthma,3,Rate,2013,451.72391452688,561.82080707281,378.07439874475
6,Incidence,17,Sri Lanka,3,Both,22,All ages,976,Diabetes mellitus type 2,3,Rate,2013,565.66529992415,608.1252728210101,530.0459464356301
6,Incidence,67,Japan,3,Both,22,All ages,589,Chronic kidney disease,3,Rate,2013,655.46817062758,708.74832319907,606.60355491748
6,Incidence,79,Finland,3,Both,22,All ages,429,Breast cancer,3,Rate,2013,84.44348765181,91.70655698523,77.14443854279
6,Incidence,6,China,3,Both,22,All ages,976,Diabetes mellitus type 2,3,Rate,2013,272.24597200041,298.35679680109996,248.55293063115
6,Incidence,20,Viet Nam,3,Both,22,All ages,543,Alzheimer's disease and other dementias,3,Rate,2013,79.04571407993,91.20713527832,68.14202949246
6,Incidence,67,Japan,3,Both,22,All ages,429,Breast cancer,3,Rate,2013,55.328015473079994,59.009250629629996,49.731430941279996
6,Incidence,79,Finland,3,Both,22,All ages,976,Diabetes mellitus type 2,3,Rate,2013,295.66984764277,325.90561957538,271.89862339666996
6,Incidence,92,Spain,3,Both,22,All ages,543,Alzheimer's disease and other dementias,3,Rate,2013,233.7997535984,263.88868420667,205.91117764024
6,Incidence,17,Sri Lanka,3,Both,22,All ages,491,Cardiovascular diseases,3,Rate,2013,626.47803124331,674.0814082678,583.47431313657
6,Incidence,86,Italy,3,Both,22,All ages,429,Breast cancer,3,Rate,2013,86.12328260617001,92.24119039893,77.40301190321
6,Incidence,6,China,3,Both,22,All ages,589,Chronic kidney disease,3,Rate,2013,177.56773911391002,192.29374117167,164.16530880189
6,Incidence,95,United Kingdom,3,Both,22,All ages,589,Chronic kidney disease,3,Rate,2013,402.48056374537003,435.97507385239,369.12018016218
6,Incidence,123,Peru,3,Both,22,All ages,429,Breast cancer,3,Rate,2013,13.55796226375,16.33907822492,11.09928529599
6,Incidence,79,Finland,3,Both,22,All ages,491,Cardiovascular diseases,3,Rate,2013,1304.27104506661,1390.82403236191,1234.96366267417
6,Incidence,67,Japan,3,Both,22,All ages,491,Cardiovascular diseases,3,Rate,2013,944.6417305998799,1013.12654938495,879.6933052798499
6,Incidence,17,Sri Lanka,3,Both,22,All ages,515,Asthma,3,Rate,2013,546.6012299753299,643.92918526888,480.21247748417
6,Incidence,125,Colombia,3,Both,22,All ages,429,Breast cancer,3,Rate,2013,26.817215940119997,28.9632871375,24.76719244391
6,Incidence,79,Finland,3,Both,22,All ages,515,Asthma,3,Rate,2013,378.43423860599,447.33501471592,323.70692170595004
6,Incidence,67,Japan,3,Both,22,All ages,976,Diabetes mellitus type 2,3,Rate,2013,325.86906015657,367.68502455249995,289.60395684777
6,Incidence,20,Viet Nam,3,Both,22,All ages,589,Chronic kidney disease,3,Rate,2013,166.13712970085,180.36874828553,153.29422213416998
6,Incidence,86,Italy,3,Both,22,All ages,491,Cardiovascular diseases,3,Rate,2013,1215.72617329265,1300.00125203012,1145.9756403829201
6,Incidence,123,Peru,3,Both,22,All ages,491,Cardiovascular diseases,3,Rate,2013,457.09387796323,505.4162818473,415.37873773044004
6,Incidence,67,Japan,3,Both,22,All ages,515,Asthma,3,Rate,2013,377.10649575599996,461.39977352157996,321.92648534978
6,Incidence,95,United Kingdom,3,Both,22,All ages,429,Breast cancer,3,Rate,2013,79.83245528795,82.61130022337001,74.77052057305
6,Incidence,92,Spain,3,Both,22,All ages,589,Chronic kidney disease,3,Rate,2013,474.62296739626004,516.29295890311,438.852474082
6,Incidence,20,Viet Nam,3,Both,22,All ages,509,Chronic obstructive pulmonary disease,3,Rate,2013,142.36212343182,157.85222279449002,126.92653949458
6,Incidence,79,Finland,3,Both,22,All ages,543,Alzheimer's disease and other dementias,3,Rate,2013,255.8011803769,293.88966682154,221.78875905887
6,Incidence,17,Sri Lanka,3,Both,22,All ages,543,Alzheimer's disease and other dementias,3,Rate,2013,89.10444844832,101.74350284242999,77.43670803957
6,Incidence,125,Colombia,3,Both,22,All ages,491,Cardiovascular diseases,3,Rate,2013,515.94246211275,566.33193295099,477.68747411962005
6,Incidence,130,Mexico,3,Both,22,All ages,491,Cardiovascular diseases,3,Rate,2013,512.59317679456,569.7616053041401,460.86167336294
6,Incidence,125,Colombia,3,Both,22,All ages,515,Asthma,3,Rate,2013,627.09761198698,784.80896318218,507.82389910485995
6,Incidence,86,Italy,3,Both,22,All ages,515,Asthma,3,Rate,2013,300.06193409007,370.58788824477,249.74323031206
6,Incidence,163,India,3,Both,22,All ages,543,Alzheimer's disease and other dementias,3,Rate,2013,42.96396816107,49.018235590109995,37.24932380105
6,Incidence,165,Pakistan,3,Both,22,All ages,515,Asthma,3,Rate,2013,352.10203728264,457.07117562376004,273.79877135185
6,Incidence,20,Viet Nam,3,Both,22,All ages,976,Diabetes mellitus type 2,3,Rate,2013,204.52339956355,218.42276339495,191.57760429109
6,Incidence,92,Spain,3,Both,22,All ages,429,Breast cancer,3,Rate,2013,60.131929520689994,65.55579815156,53.84432058207
6,Incidence,95,United Kingdom,3,Both,22,All ages,491,Cardiovascular diseases,3,Rate,2013,889.55884532027,949.36305190107,835.5990460189
6,Incidence,123,Peru,3,Both,22,All ages,515,Asthma,3,Rate,2013,873.4725522097799,1156.10563978,655.93041102866
6,Incidence,86,Italy,3,Both,22,All ages,543,Alzheimer's disease and other dementias,3,Rate,2013,286.54150724959,326.86374149917,249.06992903863
6,Incidence,165,Pakistan,3,Both,22,All ages,543,Alzheimer's disease and other dementias,3,Rate,2013,28.45787613252,32.29264889128,24.80942291975
6,Incidence,95,United Kingdom,3,Both,22,All ages,976,Diabetes mellitus type 2,3,Rate,2013,271.05254656102,291.60797186809003,250.25876463346998
6,Incidence,130,Mexico,3,Both,22,All ages,515,Asthma,3,Rate,2013,510.83108248986,673.60039073592,393.34880819464996
6,Incidence,125,Colombia,3,Both,22,All ages,543,Alzheimer's disease and other dementias,3,Rate,2013,103.53894107040999,117.76688330956001,91.08193549629
6,Incidence,123,Peru,3,Both,22,All ages,543,Alzheimer's disease and other dementias,3,Rate,2013,66.58905919942,75.88428003709,57.71216904292
6,Incidence,17,Sri Lanka,3,Both,22,All ages,509,Chronic obstructive pulmonary disease,3,Rate,2013,137.91583887775,157.23137032747002,120.46147606545
6,Incidence,180,Kenya,3,Both,22,All ages,429,Breast cancer,3,Rate,2013,6.88597625304,8.771021276799999,5.20557925949
6,Incidence,92,Spain,3,Both,22,All ages,491,Cardiovascular diseases,3,Rate,2013,947.71579857349,999.27626612136,898.07185080727
6,Incidence,95,United Kingdom,3,Both,22,All ages,515,Asthma,3,Rate,2013,606.06389262527,736.24070316337,507.18852659187
6,Incidence,161,Bangladesh,3,Both,22,All ages,589,Chronic kidney disease,3,Rate,2013,81.19536502476001,88.12260106664999,74.8410151557
6,Incidence,130,Mexico,3,Both,22,All ages,543,Alzheimer's disease and other dementias,3,Rate,2013,70.77245281257001,80.43240306807,61.722248155609996
6,Incidence,161,Bangladesh,3,Both,22,All ages,429,Breast cancer,3,Rate,2013,5.08247829765,6.021707451769999,4.169561402079999
6,Incidence,67,Japan,3,Both,22,All ages,509,Chronic obstructive pulmonary disease,3,Rate,2013,304.34499590589996,352.42713905214003,259.12102298976004
6,Incidence,92,Spain,3,Both,22,All ages,976,Diabetes mellitus type 2,3,Rate,2013,414.2800085289,439.97418855360996,388.80361130854
6,Incidence,86,Italy,3,Both,22,All ages,589,Chronic kidney disease,3,Rate,2013,488.66289701784996,537.3156851763799,448.28866659476
6,Incidence,79,Finland,3,Both,22,All ages,509,Chronic obstructive pulmonary disease,3,Rate,2013,287.2855681361,322.57124049255003,251.29113146259002
6,Incidence,163,India,3,Both,22,All ages,589,Chronic kidney disease,3,Rate,2013,142.24252448733,153.11259027423,131.59057638992
6,Incidence,130,Mexico,3,Both,22,All ages,509,Chronic obstructive pulmonary disease,3,Rate,2013,148.07768892924,165.52886947552,132.19603611448002
6,Incidence,95,United Kingdom,3,Both,22,All ages,543,Alzheimer's disease and other dementias,3,Rate,2013,231.67454056667998,266.1044364513,200.99045716954
6,Incidence,86,Italy,3,Both,22,All ages,509,Chronic obstructive pulmonary disease,3,Rate,2013,375.31749245669,416.31003401160996,332.01905233490004
6,Incidence,161,Bangladesh,3,Both,22,All ages,976,Diabetes mellitus type 2,3,Rate,2013,224.37077541640002,237.66036241361002,211.11742498302
6,Incidence,92,Spain,3,Both,22,All ages,515,Asthma,3,Rate,2013,304.16671886016,362.62585411725,260.67011217263
6,Incidence,123,Peru,3,Both,22,All ages,509,Chronic obstructive pulmonary disease,3,Rate,2013,101.23295025438999,115.49145309547,89.43087647551
6,Incidence,163,India,3,Both,22,All ages,429,Breast cancer,3,Rate,2013,7.790480801309999,8.42685541757,7.11504917481
6,Incidence,163,India,3,Both,22,All ages,976,Diabetes mellitus type 2,3,Rate,2013,207.22713692513003,227.28141374178,188.56515356904998
6,Incidence,123,Peru,3,Both,22,All ages,589,Chronic kidney disease,3,Rate,2013,219.10568741665,236.31062520892,204.72867414454
6,Incidence,161,Bangladesh,3,Both,22,All ages,491,Cardiovascular diseases,3,Rate,2013,581.13870308094,631.5620412959701,531.72616632784
6,Incidence,125,Colombia,3,Both,22,All ages,589,Chronic kidney disease,3,Rate,2013,283.48817180942,304.50280098362,264.31002687501996
6,Incidence,180,Kenya,3,Both,22,All ages,491,Cardiovascular diseases,3,Rate,2013,389.47023358762,432.65468037874,348.07361208998003
6,Incidence,95,United Kingdom,3,Both,22,All ages,509,Chronic obstructive pulmonary disease,3,Rate,2013,413.50478490609,442.36988237463,381.81614949332
6,Incidence,130,Mexico,3,Both,22,All ages,589,Chronic kidney disease,3,Rate,2013,389.29770756329,413.44600571283,368.28915793729
6,Incidence,214,Nigeria,3,Both,22,All ages,515,Asthma,3,Rate,2013,995.7062741703901,1305.1747296933,778.92882291765
6,Incidence,161,Bangladesh,3,Both,22,All ages,515,Asthma,3,Rate,2013,339.39210296529,446.44622368245996,269.29185548949
6,Incidence,165,Pakistan,3,Both,22,All ages,589,Chronic kidney disease,3,Rate,2013,106.10581171479001,113.08255802891999,99.10599928762
6,Incidence,125,Colombia,3,Both,22,All ages,509,Chronic obstructive pulmonary disease,3,Rate,2013,178.17490380509,196.36022046622,159.95764907436998
6,Incidence,206,Gambia,3,Both,22,All ages,429,Breast cancer,3,Rate,2013,2.69109224278,3.52951031954,2.0309314376
6,Incidence,180,Kenya,3,Both,22,All ages,515,Asthma,3,Rate,2013,638.63364324375,828.7860726324301,504.89869877485
6,Incidence,163,India,3,Both,22,All ages,491,Cardiovascular diseases,3,Rate,2013,677.44756994423,756.96493723588,601.56868274558
6,Incidence,180,Kenya,3,Both,22,All ages,509,Chronic obstructive pulmonary disease,3,Rate,2013,47.90085110146,53.27824723975,42.26655287311
6,Incidence,165,Pakistan,3,Both,22,All ages,976,Diabetes mellitus type 2,3,Rate,2013,235.55155144976,258.26645966231,215.48562677478003
6,Incidence,86,Italy,3,Both,22,All ages,976,Diabetes mellitus type 2,3,Rate,2013,278.30004243513997,316.27722427717003,247.3805057645
6,Incidence,92,Spain,3,Both,22,All ages,509,Chronic obstructive pulmonary disease,3,Rate,2013,371.41115482515,401.23769546962,342.4162449543
6,Incidence,161,Bangladesh,3,Both,22,All ages,509,Chronic obstructive pulmonary disease,3,Rate,2013,166.74295731846001,179.67941413642,153.7815783699
6,Incidence,130,Mexico,3,Both,22,All ages,429,Breast cancer,3,Rate,2013,20.1309211286,20.61213419006,19.55531411722
6,Incidence,214,Nigeria,3,Both,22,All ages,543,Alzheimer's disease and other dementias,3,Rate,2013,19.90234043219,22.52832300721,17.43050647821
6,Incidence,161,Bangladesh,3,Both,22,All ages,543,Alzheimer's disease and other dementias,3,Rate,2013,40.0734090551,45.931951110709996,34.476874183
6,Incidence,206,Gambia,3,Both,22,All ages,509,Chronic obstructive pulmonary disease,3,Rate,2013,54.22375742273,60.406691897660004,48.22767970899
6,Incidence,163,India,3,Both,22,All ages,515,Asthma,3,Rate,2013,396.87485152576994,506.75389897219,321.79488852157004
6,Incidence,165,Pakistan,3,Both,22,All ages,429,Breast cancer,3,Rate,2013,12.00470618495,15.44349279766,9.01650260795
6,Incidence,217,Sierra Leone,3,Both,22,All ages,589,Chronic kidney disease,3,Rate,2013,80.79189948589,85.97385744452001,75.74548833636
6,Incidence,180,Kenya,3,Both,22,All ages,543,Alzheimer's disease and other dementias,3,Rate,2013,29.81907499598,33.80728976947,26.20751614726
6,Incidence,163,India,3,Both,22,All ages,509,Chronic obstructive pulmonary disease,3,Rate,2013,193.52720838136,205.62209004153002,180.65020898896
6,Incidence,217,Sierra Leone,3,Both,22,All ages,429,Breast cancer,3,Rate,2013,4.8126993751,6.11666923759,3.5762961101000004
6,Incidence,206,Gambia,3,Both,22,All ages,491,Cardiovascular diseases,3,Rate,2013,410.09064604229997,453.60041005584,369.11899910529
6,Incidence,385,Puerto Rico,3,Both,22,All ages,509,Chronic obstructive pulmonary disease,3,Rate,2013,219.18980233548,246.9771942664,192.50681118162
6,Incidence,44566,European Region,3,Both,22,All ages,509,Chronic obstructive pulmonary disease,3,Rate,2013,279.36858283764,305.71235315270997,253.50366092577
6,Incidence,165,Pakistan,3,Both,22,All ages,491,Cardiovascular diseases,3,Rate,2013,589.30044050244,649.8474599170399,530.34887224815
6,Incidence,214,Nigeria,3,Both,22,All ages,589,Chronic kidney disease,3,Rate,2013,83.39283038178,88.63083353054999,78.29625551018
6,Incidence,385,Puerto Rico,3,Both,22,All ages,491,Cardiovascular diseases,3,Rate,2013,972.54502509049,1105.61411827288,860.5543614480699
6,Incidence,165,Pakistan,3,Both,22,All ages,509,Chronic obstructive pulmonary disease,3,Rate,2013,115.65442578738,126.93297565578,105.23920844207
6,Incidence,130,Mexico,3,Both,22,All ages,976,Diabetes mellitus type 2,3,Rate,2013,414.41475419196,452.62810756053,380.24935834422
6,Incidence,44587,African Union,3,Both,22,All ages,509,Chronic obstructive pulmonary disease,3,Rate,2013,64.80834008818,71.81621268905,58.14099285503
6,Incidence,125,Colombia,3,Both,22,All ages,976,Diabetes mellitus type 2,3,Rate,2013,254.55111367415,275.65910599078,237.16632758864998
6,Incidence,217,Sierra Leone,3,Both,22,All ages,509,Chronic obstructive pulmonary disease,3,Rate,2013,53.55191570257,58.99851847133,47.59667539692
6,Incidence,217,Sierra Leone,3,Both,22,All ages,491,Cardiovascular diseases,3,Rate,2013,413.39471603925006,454.58405744891,376.74084522314
6,Incidence,123,Peru,3,Both,22,All ages,976,Diabetes mellitus type 2,3,Rate,2013,157.37286514305,168.02011119275,146.74126233262
6,Incidence,206,Gambia,3,Both,22,All ages,515,Asthma,3,Rate,2013,615.80397172344,780.14561060733,486.50203067555
6,Incidence,385,Puerto Rico,3,Both,22,All ages,515,Asthma,3,Rate,2013,1053.35785833557,1292.50403502772,859.40996690522
6,Incidence,217,Sierra Leone,3,Both,22,All ages,976,Diabetes mellitus type 2,3,Rate,2013,132.71142502604,145.69043681656,121.7839505685
6,Incidence,180,Kenya,3,Both,22,All ages,589,Chronic kidney disease,3,Rate,2013,49.93138395905,53.3425551156,46.59905404259
6,Incidence,206,Gambia,3,Both,22,All ages,543,Alzheimer's disease and other dementias,3,Rate,2013,25.058333745299997,28.74871488095,21.656145025329998
6,Incidence,214,Nigeria,3,Both,22,All ages,509,Chronic obstructive pulmonary disease,3,Rate,2013,51.66914445458,57.493494763700006,45.33848539768
6,Incidence,214,Nigeria,3,Both,22,All ages,429,Breast cancer,3,Rate,2013,8.86183050418,11.97043505333,6.2095192002
6,Incidence,44566,European Region,3,Both,22,All ages,515,Asthma,3,Rate,2013,425.68621643971005,509.60502263482,360.8173930564
6,Incidence,385,Puerto Rico,3,Both,22,All ages,543,Alzheimer's disease and other dementias,3,Rate,2013,188.1934510098,214.79318727845,162.99454685038
6,Incidence,217,Sierra Leone,3,Both,22,All ages,515,Asthma,3,Rate,2013,741.09239512135,924.03114156151,593.47325935599
6,Incidence,180,Kenya,3,Both,22,All ages,976,Diabetes mellitus type 2,3,Rate,2013,62.14522769607,67.55508807326001,57.17389951735001
6,Incidence,44587,African Union,3,Both,22,All ages,491,Cardiovascular diseases,3,Rate,2013,478.68368672399,520.2260458732,439.25013581306996
6,Incidence,206,Gambia,3,Both,22,All ages,589,Chronic kidney disease,3,Rate,2013,85.39762185581,91.55912032435,80.50796090081
6,Incidence,44566,European Region,3,Both,22,All ages,543,Alzheimer's disease and other dementias,3,Rate,2013,208.22102967576,237.33967364449,182.53258160405
6,Incidence,214,Nigeria,3,Both,22,All ages,976,Diabetes mellitus type 2,3,Rate,2013,100.41160362155,109.19290416685,92.03906011457
6,Incidence,217,Sierra Leone,3,Both,22,All ages,543,Alzheimer's disease and other dementias,3,Rate,2013,25.33705041037,28.90206676975,21.97344299656
6,Incidence,214,Nigeria,3,Both,22,All ages,491,Cardiovascular diseases,3,Rate,2013,372.05692391416,409.19095528297,336.26902727632
6,Incidence,385,Puerto Rico,3,Both,22,All ages,589,Chronic kidney disease,3,Rate,2013,529.33106958287,570.17414430156,493.93136555204
6,Incidence,44587,African Union,3,Both,22,All ages,515,Asthma,3,Rate,2013,780.05117844487,987.71634208911,625.12689151274
6,Incidence,385,Puerto Rico,3,Both,22,All ages,976,Diabetes mellitus type 2,3,Rate,2013,639.96439090892,687.5080088578101,593.39602666367
6,Incidence,44566,European Region,3,Both,22,All ages,589,Chronic kidney disease,3,Rate,2013,357.48551675591,384.61772064656,334.47632426432
6,Incidence,385,Puerto Rico,3,Both,22,All ages,429,Breast cancer,3,Rate,2013,55.76013643644,60.163984004149995,50.92144564785
6,Incidence,44587,African Union,3,Both,22,All ages,543,Alzheimer's disease and other dementias,3,Rate,2013,33.49923253407,37.900300607439995,29.35977586657
6,Incidence,44566,European Region,3,Both,22,All ages,976,Diabetes mellitus type 2,3,Rate,2013,262.53068902501,282.06965357063,244.27484188801998
6,Incidence,44566,European Region,3,Both,22,All ages,429,Breast cancer,3,Rate,2013,58.19571486763,60.14723143564999,54.999413910399994
6,Incidence,44587,African Union,3,Both,22,All ages,589,Chronic kidney disease,3,Rate,2013,104.98139729869,111.53616361345,98.52307404006
6,Incidence,44566,European Region,3,Both,22,All ages,491,Cardiovascular diseases,3,Rate,2013,1239.61451425943,1325.41550167097,1163.58455123031
6,Incidence,206,Gambia,3,Both,22,All ages,976,Diabetes mellitus type 2,3,Rate,2013,132.69549077242002,143.78386976096,122.63268306068
6,Incidence,44587,African Union,3,Both,22,All ages,429,Breast cancer,3,Rate,2013,8.25386616067,9.10769195945,7.4542822105
6,Incidence,44587,African Union,3,Both,22,All ages,976,Diabetes mellitus type 2,3,Rate,2013,153.16027879126,164.49437829259,143.36957748753
